create database SQLProject;

Use SQLProject;

-- Table for storing student information
CREATE TABLE Students (
    StudentID INT PRIMARY KEY,
    FirstName VARCHAR(50),
    LastName VARCHAR(50),
    DateOfBirth DATE,
    Gender CHAR(1),
    Email VARCHAR(100),
    Phone VARCHAR(15)
);

-- Table for storing course information
CREATE TABLE Courses (
    CourseID INT PRIMARY KEY,
    CourseName VARCHAR(100),
    Department VARCHAR(50),
    Credits INT
);

-- Table for storing enrollment information
CREATE TABLE Enrollments (
    EnrollmentID INT PRIMARY KEY,
    StudentID INT,
    CourseID INT,
    EnrollmentDate DATE,
    Grade VARCHAR(2),
    FOREIGN KEY (StudentID) REFERENCES Students(StudentID),
    FOREIGN KEY (CourseID) REFERENCES Courses(CourseID)
);

-- data for Students table
INSERT INTO Students (StudentID, FirstName, LastName, DateOfBirth, Gender, Email, Phone)
VALUES
    (1, 'John', 'Doe', '2000-05-15', 'M', 'john.doe@example.com', '123-456-7890'),
    (2, 'Jane', 'Smith', '2001-02-28', 'F', 'jane.smith@example.com', '987-654-3210'),
    (3, 'David', 'Johnson', '1999-08-10', 'M', 'david.johnson@example.com', '555-123-4567'),
    (4, 'Emily', 'Brown', '2000-11-20', 'F', 'emily.brown@example.com', '444-222-3333'),
    (5, 'Michael', 'Wilson', '2001-04-03', 'M', 'michael.wilson@example.com', '777-888-9999'),
    (6, 'Sophia', 'Martinez', '2000-09-08', 'F', 'sophia.martinez@example.com', '111-222-3333'),
    (7, 'Jacob', 'Taylor', '2001-01-17', 'M', 'jacob.taylor@example.com', '555-666-7777'),
    (8, 'Isabella', 'Anderson', '2000-06-25', 'F', 'isabella.anderson@example.com', '999-888-7777'),
    (9, 'Ethan', 'Thomas', '2000-12-30', 'M', 'ethan.thomas@example.com', '666-444-5555'),
    (10, 'Olivia', 'Hernandez', '2001-03-05', 'F', 'olivia.hernandez@example.com', '222-111-9999'),
    (11, 'Alexander', 'Young', '2000-10-12', 'M', 'alexander.young@example.com', '333-444-5555'),
    (12, 'Ava', 'King', '2000-07-14', 'F', 'ava.king@example.com', '888-777-6666'),
    (13, 'William', 'Gonzalez', '2001-05-18', 'M', 'william.gonzalez@example.com', '555-333-2222'),
    (14, 'Mia', 'Lopez', '2000-08-23', 'F', 'mia.lopez@example.com', '222-333-4444'),
    (15, 'James', 'Perez', '2001-01-30', 'M', 'james.perez@example.com', '777-999-1111'),
    (16, 'Charlotte', 'Sanchez', '2000-06-06', 'F', 'charlotte.sanchez@example.com', '444-555-6666'),
    (17, 'Daniel', 'Ramirez', '2000-12-11', 'M', 'daniel.ramirez@example.com', '333-222-1111'),
    (18, 'Amelia', 'Wright', '2001-04-25', 'F', 'amelia.wright@example.com', '999-888-7777'),
    (19, 'Benjamin', 'Torres', '2000-09-29', 'M', 'benjamin.torres@example.com', '555-777-9999'),
    (20, 'Evelyn', 'Nguyen', '2000-11-02', 'F', 'evelyn.nguyen@example.com', '111-222-3333'),
    (21, 'Henry', 'Adams', '2001-02-07', 'M', 'henry.adams@example.com', '444-333-2222'),
    (22, 'Sofia', 'Evans', '2000-07-09', 'F', 'sofia.evans@example.com', '888-777-6666'),
    (23, 'Andrew', 'Garcia', '2000-12-14', 'M', 'andrew.garcia@example.com', '555-444-3333'),
    (24, 'Scarlett', 'Martinez', '2001-05-19', 'F', 'scarlett.martinez@example.com', '222-333-4444'),
    (25, 'Joseph', 'Cook', '2000-08-24', 'M', 'joseph.cook@example.com', '777-999-1111'),
    (26, 'Madison', 'Flores', '2001-01-31', 'F', 'madison.flores@example.com', '444-555-6666'),
    (27, 'Liam', 'Long', '2000-06-07', 'M', 'liam.long@example.com', '333-222-1111'),
    (28, 'Chloe', 'Rivera', '2000-12-12', 'F', 'chloe.rivera@example.com', '999-888-7777'),
    (29, 'Daniel', 'Gonzalez', '2001-04-26', 'M', 'daniel.gonzalez@example.com', '555-777-9999'),
    (30, 'Harper', 'Lee', '2000-09-30', 'F', 'harper.lee@example.com', '111-222-3333'),
	(31, 'Noah', 'Harris', '2001-02-08', 'M', 'noah.harris@example.com', '555-444-3333'),
	(32, 'Grace', 'Russell', '2000-07-10', 'F', 'grace.russell@example.com', '888-777-6666'),
	(33, 'Samuel', 'Baker', '2000-12-15', 'M', 'samuel.baker@example.com', '555-444-3333'),
	(34, 'Lily', 'Carter', '2001-05-20', 'F', 'lily.carter@example.com', '222-333-4444'),
	(35, 'Logan', 'Ross', '2000-08-25', 'M', 'logan.ross@example.com', '777-999-1111'),
	(36, 'Avery', 'Ward', '2001-02-01', 'F', 'avery.ward@example.com', '444-555-6666'),
	(37, 'Mason', 'Morales', '2000-06-08', 'M', 'mason.morales@example.com', '333-222-1111'),
	(38, 'Ella', 'Perry', '2000-12-13', 'F', 'ella.perry@example.com', '999-888-7777'),
	(39, 'Lucas', 'Powell', '2001-04-27', 'M', 'lucas.powell@example.com', '555-777-9999'),
	(40, 'Natalie', 'Sullivan', '2000-10-01', 'F', 'natalie.sullivan@example.com', '111-222-3333'),
	(41, 'Jackson', 'Jenkins', '2001-03-06', 'M', 'jackson.jenkins@example.com', '444-333-2222'),
	(42, 'Aria', 'Barnes', '2000-07-11', 'F', 'aria.barnes@example.com', '888-777-6666'),
	(43, 'Carter', 'Henderson', '2000-12-16', 'M', 'carter.henderson@example.com', '555-444-3333'),
	(44, 'Addison', 'Coleman', '2001-05-21', 'F', 'addison.coleman@example.com', '222-333-4444'),
	(45, 'Wyatt', 'Simmons', '2000-08-26', 'M', 'wyatt.simmons@example.com', '777-999-1111'),
	(46, 'Gabriella', 'Patterson', '2001-02-02', 'F', 'gabriella.patterson@example.com', '444-555-6666'),
	(47, 'Luke', 'Jordan', '2000-06-09', 'M', 'luke.jordan@example.com', '333-222-1111'),
	(48, 'Aubrey', 'Reyes', '2000-12-14', 'F', 'aubrey.reyes@example.com', '999-888-7777'),
	(49, 'Julian', 'Hill', '2001-04-28', 'M', 'julian.hill@example.com', '555-777-9999'),
	(50, 'Leah', 'Fisher', '2000-10-02', 'F', 'leah.fisher@example.com', '111-222-3333');

-- data for Courses table
INSERT INTO Courses (CourseID, CourseName, Department, Credits)
VALUES
    (101, 'Introduction to Computer Science', 'Computer Science', 3),
    (102, 'Calculus I', 'Mathematics', 4),
    (103, 'English Composition', 'English', 3),
    (104, 'History of Art', 'Art', 3),
    (105, 'Chemistry Fundamentals', 'Chemistry', 4),
    (106, 'Microeconomics', 'Economics', 3),
    (107, 'Introduction to Psychology', 'Psychology', 3),
    (108, 'Sociology', 'Sociology', 3),
    (109, 'Physics for Engineers', 'Physics', 4),
    (110, 'Digital Marketing', 'Marketing', 3),
    (111, 'Business Ethics', 'Business', 3),
    (112, 'Data Structures and Algorithms', 'Computer Science', 4),
    (113, 'Organic Chemistry', 'Chemistry', 4),
    (114, 'Macroeconomics', 'Economics', 3),
    (115, 'Artificial Intelligence', 'Computer Science', 4),
    (116, 'Statistics', 'Mathematics', 3),
    (117, 'World Literature', 'Literature', 3),
    (118, 'Financial Accounting', 'Accounting', 4),
    (119, 'Environmental Science', 'Environmental Science', 3),
    (120, 'International Relations', 'Political Science', 3),
    (121, 'Digital Photography', 'Art', 3),
    (122, 'Human Anatomy', 'Biology', 4),
    (123, 'Introduction to Philosophy', 'Philosophy', 3),
    (124, 'Linear Algebra', 'Mathematics', 4),
    (125, 'Entrepreneurship', 'Business', 3),
    (126, 'Health Psychology', 'Psychology', 3),
    (127, 'Criminal Justice', 'Criminal Justice', 3),
    (128, 'Spanish I', 'Foreign Language', 3),
    (129, 'Web Development', 'Computer Science', 4),
    (130, 'Principles of Marketing', 'Marketing', 3),
    (131, 'Biotechnology', 'Biology', 4),
    (132, 'Public Speaking', 'Communication', 3),
    (133, 'Engineering Ethics', 'Engineering', 3),
    (134, 'American History', 'History', 3),
    (135, 'French I', 'Foreign Language', 3),
    (136, 'Nutrition and Dietetics', 'Health Sciences', 3),
    (137, 'Music Theory', 'Music', 3),
    (138, 'Introduction to Anthropology', 'Anthropology', 3),
    (139, 'Marketing Analytics', 'Marketing', 4),
    (140, 'Developmental Psychology', 'Psychology', 3),
    (141, 'Geology', 'Geology', 4),
    (142, 'Computer Networks', 'Computer Science', 4),
    (143, 'Film Studies', 'Film', 3),
    (144, 'Ethical Hacking', 'Computer Science', 4),
    (145, 'Business Law', 'Law', 3),
    (146, 'Japanese I', 'Foreign Language', 3),
    (147, 'Astrophysics', 'Physics', 4),
    (148, 'Art History', 'Art', 3),
    (149, 'Environmental Ethics', 'Environmental Studies', 3),
    (150, 'Human Resource Management', 'Business', 3);
    
-- data for Enrollments table
INSERT INTO Enrollments (EnrollmentID, StudentID, CourseID, EnrollmentDate, Grade)
VALUES
    (1, 1, 101, '2023-09-01', 'A'),
    (2, 2, 102, '2023-09-05', 'B+'),
    (3, 3, 103, '2023-09-10', 'A-'),
    (4, 4, 104, '2023-09-12', 'B'),
    (5, 5, 105, '2023-09-15', 'A'),
    (6, 6, 106, '2023-09-20', 'B+'),
    (7, 7, 107, '2023-09-22', 'A-'),
    (8, 8, 108, '2023-09-25', 'A'),
    (9, 9, 109, '2023-09-30', 'B+'),
    (10, 10, 110, '2023-10-01', 'A-'),
    (11, 11, 111, '2023-10-05', 'A'),
    (12, 12, 112, '2023-10-10', 'B+'),
    (13, 13, 113, '2023-10-12', 'A-'),
    (14, 14, 114, '2023-10-15', 'B'),
    (15, 15, 115, '2023-10-20', 'A'),
    (16, 16, 116, '2023-10-22', 'B+'),
    (17, 17, 117, '2023-10-25', 'A-'),
    (18, 18, 118, '2023-10-30', 'A'),
    (19, 19, 119, '2023-11-01', 'B+'),
    (20, 20, 120, '2023-11-05', 'A-'),
    (21, 21, 121, '2023-11-10', 'A'),
    (22, 22, 122, '2023-11-12', 'B+'),
    (23, 23, 123, '2023-11-15', 'A-'),
    (24, 24, 124, '2023-11-20', 'B'),
    (25, 25, 125, '2023-11-22', 'A'),
    (26, 26, 126, '2023-11-25', 'B+'),
    (27, 27, 127, '2023-11-30', 'A-'),
    (28, 28, 128, '2023-12-01', 'A'),
    (29, 29, 129, '2023-12-05', 'B+'),
    (30, 30, 130, '2023-12-10', 'A-'),
    (31, 31, 131, '2023-12-12', 'A'),
    (32, 32, 132, '2023-12-15', 'B+'),
    (33, 33, 133, '2023-12-20', 'A-'),
    (34, 34, 134, '2023-12-22', 'B'),
    (35, 35, 135, '2023-12-25', 'A'),
    (36, 36, 136, '2023-12-30', 'B+'),
    (37, 37, 137, '2024-01-01', 'A-'),
    (38, 38, 138, '2024-01-05', 'A'),
    (39, 39, 139, '2024-01-10', 'B+'),
    (40, 40, 140, '2024-01-12', 'A-'),
    (41, 41, 141, '2024-01-15', 'A'),
    (42, 42, 142, '2024-01-20', 'B+'),
    (43, 43, 143, '2024-01-22', 'A-'),
    (44, 44, 144, '2024-01-25', 'B'),
    (45, 45, 145, '2024-01-30', 'A'),
    (46, 46, 146, '2024-02-01', 'B+'),
    (47, 47, 147, '2024-02-05', 'A-'),
    (48, 48, 148, '2024-02-10', 'A'),
    (49, 49, 149, '2024-02-12', 'B+'),
    (50, 50, 150, '2024-02-15', 'A-');

